model_requested,model_resolved,scenario,expectation,concurrency,run_kind,ok,error,requested_think_mode,effective_think_mode,think_mode_source,total_duration_ns,load_duration_ns,prompt_eval_count,prompt_eval_duration_ns,eval_count,eval_duration_ns,wall_time_s,prompt_tps,gen_tps,response_chars,response_text,json_valid,schema_score,usefulness_score,quality_score,gated_usable,scenario_rank_score,rejection_reason
qwen2.5:3b,qwen2.5:3b,short,text,1,cold,True,,nothinking,nothinking,explicit,18400062914,2465735686,45,1122724225,226,14602666562,18.40387434104923,40.08108046301397,15.47662538485346,1408,"Idempotent job orchestration is crucial for ensuring that operations such as data processing and updates are executed reliably and consistently without any unintended side effects from repeated invocations. In environments where jobs might be triggered multiple times by different sources or users, idempotency guarantees that each invocation will have the same effect as a single run, regardless of how many times it is initiated. This characteristic prevents issues like duplicate records in databases, incorrect state updates, and system instability caused by unintended retries. By maintaining consistency and reliability in execution outcomes, idempotent job orchestration supports robust systems capable of handling concurrent requests efficiently, thereby enhancing overall system performance and user experience.

Additionally, idempotency simplifies the development and deployment of services and applications. It eliminates the need to manage state or check for previous executions, reducing complexity and minimizing bugs related to duplicate processing. This property also facilitates service discovery and integration since it ensures that job operations can be invoked without fear of causing unintended side effects. Consequently, it promotes a more resilient, scalable, and predictable application architecture, making idempotent orchestration a foundational practice in modern system design.",,30.0,18.0,22.799999999999997,True,95.23,
qwen2.5:3b,qwen2.5:3b,medium,text,1,cold,True,,nothinking,nothinking,explicit,40375659147,1661450950,84,2150004471,550,36044756221,40.38202623906545,39.069686195085126,15.258807595418416,3089,"### Definitions Breakdown for Autonomous Agent Platform Evaluation

#### 1. Task Ingestion
**Task Ingestion** refers to the process of receiving and processing tasks from external sources or systems, often through APIs or message queues. Once received, these tasks are added to a queue that can be processed by one or more workers. This task ingestion is typically automated and can happen at regular intervals, based on certain triggers (like new data arriving), or in response to specific events.

#### 2. Change Detection
**Change Detection** involves monitoring for changes in the state of systems or environments where the autonomous agents operate. This process automatically identifies when something in the system has changed—whether it's updates to a database, alterations to hardware configurations, or modifications to files. When change is detected, it triggers further actions such as reprocessing tasks that were previously completed based on old data.

#### 3. Durable Queueing
**Durable Queueing** ensures that messages are stored in a queue even if the message consumer (the worker) fails to process them before going down or getting restarted. This is crucial for maintaining reliability, especially in environments where workers might become unavailable due to various issues like hardware failures, software bugs, or network interruptions. Durable queues allow workloads to be picked up by another worker once it becomes operational again.

#### 4. Worker Execution
**Worker Execution** involves processing the tasks received from durable queues. Workers are typically deployed instances of applications designed for executing the tasks assigned to them. The efficiency and performance of these workers are critical; they need to complete their work swiftly without causing undue load on the system, and ideally, each worker should be able to handle multiple tasks concurrently.

#### 5. Writeback
**Writeback** is a process that updates records or databases with results generated by task execution in durable queues. This ensures that any changes made during task processing are reflected back into the original database state or another relevant system. It's essential for maintaining consistency across systems and providing accurate data visibility.

#### 6. Rollback Metadata
**Rollback Metadata** refers to information about why a task was rolled back, either due to failure conditions (like a network error) or completion criteria being met but the task still needing reprocessing because of external changes not yet propagated to where the task is written back. This metadata helps in debugging and managing retries, ensuring that tasks are managed efficiently without risking data integrity issues.

### Conclusion
Understanding these terms provides critical insights into how an autonomous agent platform functions and what challenges or optimizations might be necessary for its effectiveness. Each component plays a pivotal role from receiving tasks to final execution and validation of results, ensuring robustness and efficiency in the system's operation.",,50.0,27.0,36.2,True,90.04,
qwen2.5:3b,qwen2.5:3b,long,text,1,cold,True,,nothinking,nothinking,explicit,106980806065,1618340423,208,5528417832,1407,98596113951,106.98822434595786,37.62378429431273,14.270339302614365,7673,"### Detailed Technical Explanation

#### Why Sync and Processing Must Be Separated

**Decoupling Sync from Processing**: In a self-hosted autonomous agent platform, tasks are typically submitted for processing after being fetched via a sync mechanism. However, it is often beneficial to decouple the two operations for several reasons:

1. **Resource Utilization**: By allowing agents to asynchronously process their incoming tasks, you can optimize resource utilization by ensuring that the processing does not block subsequent task fetches.
2. **Fault Tolerance and Recovery**: Separating sync from processing enables a more robust architecture where failures in fetching or processing do not cascade. If a particular task fails during processing but is already fetched, it can be retried without impacting other tasks that are still being processed or have been completed successfully.
3. **Scalability and Parallelism**: Processing can be executed in parallel across multiple workers or containers, which aligns better with the asynchronous nature of fetching.

#### Why Agent Outputs Should Be Persisted as Structured Records

Persisting agent outputs as structured records ensures that:

1. **Data Integrity and Consistency**: By maintaining a history of processed data, you preserve the integrity of historical events and can easily retrieve them later for auditing or troubleshooting.
2. **Auditability**: For compliance and regulatory purposes, it is crucial to have an audit trail of all operations performed by agents. Structured records facilitate this by providing clear timestamps and details of what was done when.
3. **Replayability**: Historical data can be replayed for testing or debugging in a similar environment to the one where they originated from.

#### Why Provider Abstraction Matters

Using provider abstraction (durable jobs) provides several benefits:

1. **Modularity and Flexibility**: It allows different backends (e.g., local LLMs, cloud APIs) to be plugged into your system without affecting its core logic. This modularity makes the platform more versatile and easier to maintain.
2. **Isolation and Isolation of Concerns**: Different providers can operate independently from one another, reducing complexity. For example, if a provider fails or has issues, it does not affect other providers within your architecture.
3. **Error Handling and Recovery**: Providers often have their own error handling mechanisms. By abstracting them, you can handle errors more uniformly across all providers, improving the overall system robustness.

#### Why Prompt File Versioning Matters

File versioning in prompt files is crucial because:

1. **Future Usability and Compatibility**: New versions of prompts may introduce new functionalities or fix bugs without affecting previous usage.
2. **Data Consistency Across Versions**: It ensures that all downstream systems operate on the most up-to-date prompt files, maintaining consistency across different contexts where they are used.
3. **Auditability and Traceability**: Versioning tracks changes over time which aids in tracking who made what changes and when.

#### Why Role-Based Model Selection Improves System Behavior

Role-based model selection ensures that:

1. **Correct Contextual Operations**: By assigning specific roles to different models, you can ensure that each role gets the correct set of capabilities based on its intended use case.
2. **Security and Privacy**: Different user or system roles require varying levels of access and capabilities. This segregation helps prevent unauthorized actions and data breaches by limiting what roles can do with their respective resources.
3. **Operational Efficiency**: It simplifies management tasks, making it easier to scale operations and maintain security policies.

### Observations in Benchmarking Local Inference Hardware

During hardware benchmarking for local inference systems (e.g., LLMs), key areas of observation include:

1. **Throughput vs. Latency**: Understanding the trade-offs between how fast an engine can process inputs versus how quickly it responds.
2. **Energy Efficiency**: The power consumption and heat generation patterns to ensure sustainable operation over time.
3. **Error Rates**: Identifying common issues like token length constraints, truncation errors, or incomplete models that may cause processing failures.
4. **Compatibility with Protocols**: Ensuring seamless integration of the system with input/output protocols (e.g., HTTP requests, WebSocket streams).
5. **Memory Usage and Scalability**: Monitoring how memory usage behaves as more tasks are processed to prevent out-of-memory errors.

### Risks

#### Risk 1: Inconsistent Data Handling Across Different Providers
**Mitigation:** Implement a standardized interface for all providers that ensures data consistency by enforcing strict validation rules on incoming data.
- **Observation**: Monitor and log discrepancies between provider outputs to identify any inconsistencies early.

#### Risk 2: Security Vulnerabilities in Local Models or Infrastructure
**Mitigation:** Regularly update models, use secure communication channels, and enforce strict access controls.
- **Observation**: Conduct regular security audits using tools like vulnerability scanners and penetration testing to catch potential vulnerabilities before they are exploited.

#### Risk 3: Overloading of Processing Resources Due to High Throughput
**Mitigation:** Implement load balancers or throttling mechanisms to control the rate at which tasks are processed, ensuring no single resource is overloaded.
- **Observation**: Track CPU utilization and response times to detect when resources might be overwhelmed before a failure occurs.

#### Risk 4: Failure in Provider Abstraction Mechanisms
**Mitigation:** Employ failover strategies where possible failures can be handled gracefully without compromising the overall system state or integrity.
- **Observation**: Set up redundancy for critical components, monitor their health and performance to ensure quick recovery in case of downtime.

#### Risk 5: Inefficient Task Management Leads to Overlapping Work
**Mitigation:** Utilize task scheduling algorithms that optimize the execution order of tasks, reducing unnecessary overlaps.
- **Observation**: Track the number of concurrent running tasks per time interval and use this data to fine-tune scheduling logic for smoother operation.

### Operational Metrics

#### Monitoring and Logging:
1. **Task Latency**: Average and maximum processing times across all tasks.
2. **Failure Rates**: Percentage of tasks that fail, including those retried due to transient failures.
3. **Resource Utilization**: CPU usage, memory consumption, I/O operations per second (OPS) for different types of workloads.

#### System Health:
4. **Provider Availability and Performance Metrics**: Mean Time To Repair (MTTR), mean time between failures (MTBF), average response times to provider requests.
5. **Error Rates Across Providers**: Number of errors per unit time and error type breakdown, helping identify which providers need further investigation or improvement.

#### User Experience:
6. **User Satisfaction Scores**: Feedback collected through surveys or ratings on the quality and timeliness of responses from agents.
7. **Throughput Metrics**: Rate at which tasks are processed versus how many new tasks can be queued up for processing.

### Conclusion

By understanding these underlying design principles, you ensure a robust, scalable, and maintainable autonomous agent platform that meets your requirements while adhering to best practices in cloud infrastructure management.",,50.0,48.0,48.8,True,97.6,
qwen2.5:3b,qwen2.5:3b,json_agent,json_agent,1,cold,True,,nothinking,nothinking,explicit,15298005825,1362027186,99,2686368347,170,11074423370,15.301620741025545,36.85272725557468,15.350686380703179,832,"{
  ""title"": ""Refactor NATS retry scheduler for a multi-agent local platform"",
  ""priority"": ""medium"",
  ""steps"": [
    ""Analyze the current NATS retry scheduler to identify areas for improvement."",
    ""Design a new retry strategy that can adapt better to a multi-agent environment."",
    ""Implement changes in phases, considering potential impact on other systems."",
    ""Develop and integrate a test suite to validate the new retry strategy."",
    ""Perform load testing to ensure reliability under high concurrency conditions.""
  ],
  ""risks"": [
    ""Changes may affect existing code that relies on the current scheduler."",
    ""Integrating with multiple agents could introduce complexity and bugs."",
    ""Testing might reveal unforeseen issues, requiring additional development time.""
  ],
  ""review_model_role"": ""QA Engineer""
}",True,100.0,45.0,78.0,True,100.0,
qwen3:4b,qwen3:4b,short,text,1,cold,True,,nothinking,nothinking,explicit,38475671622,2036204160,26,920871801,431,35277198198,38.478369856020436,28.234114641979357,12.217523556744228,2265,"Okay, the user wants a summary on why idempotent job orchestration matters, in just two short paragraphs. Hmm, they're probably a developer or DevOps engineer working on CI/CD pipelines or distributed systems. The ""two short paragraphs"" request suggests they need concise, actionable insights—maybe for a quick reference or to explain to teammates. 

First, I should nail the core idea: idempotency means running a job multiple times won't cause unintended side effects. That's crucial in orchestration because systems often get retried (like after failures) or run in parallel. If jobs aren't idempotent, retries could break things—like accidentally deleting a database twice. 

For the first paragraph, I'll focus on the failure recovery angle: how idempotency prevents data corruption during retries. The second paragraph should cover scalability—like how it lets systems handle chaos without manual intervention. Gotta avoid jargon but keep it precise. User likely knows terms like ""retries"" or ""distributed systems,"" so no need to over-explain. 

Also, they said ""matters,"" so I'll emphasize real-world impact: stability, cost savings from fewer manual fixes, smoother scaling. No fluff. *Double-checks*: yep, two tight paragraphs—first on reliability during failures, second on operational efficiency. Done.
</think>

Idempotent job orchestration is critical because it ensures that executing a job multiple times—such as during retries after failures or parallel processing—produces the same outcome without unintended side effects. This prevents data corruption, inconsistent states, or duplicate operations (like duplicate database writes or resource allocations), which are common risks in distributed systems where jobs may need to be retried or run in parallel. Without idempotency, system instability and manual intervention become inevitable when failures occur.

This reliability directly enables robust, scalable operations: systems can safely handle retries, backoffs, and asynchronous processing without requiring complex manual safeguards. It reduces operational costs, minimizes human error, and ensures consistent results even under high load or network volatility, making orchestration both resilient and efficient for production environments.",,30.0,18.0,22.799999999999997,True,70.93,
qwen3:4b,qwen3:4b,medium,text,1,cold,True,,nothinking,nothinking,explicit,160024319042,952162826,65,2401077429,1644,155788486083,160.03059915394988,27.071180302199245,10.552769600213715,8330,"Okay, the user wants me to explain the differences between six specific concepts related to an autonomous agent platform. They're evaluating this platform, so they probably need technical clarity for their assessment. 

Hmm, let me break this down carefully. First, I should map each term to its actual role in the system workflow. The user mentioned ""local autonomous agent platform"" - that means I should focus on distributed systems concepts but keep it practical since it's local. 

*checks mental model* Right, in agent platforms like this: 
- Task ingestion is where jobs get added to the system
- Change detection is about spotting when data changes
- Durable queueing handles persistence of tasks
- Worker execution is the actual processing
- Writeback is saving results
- Rollback metadata is for error recovery

Wait, the user wants a structured answer with clear headings. They're probably a developer or sysadmin doing technical evaluation. I should avoid jargon where possible but stay precise. 

*thinks about common pitfalls* 
For change detection - people often confuse it with monitoring. Need to emphasize it's about state changes in the system. 
For rollback metadata - must clarify it's not about actual rollback but metadata for potential rollbacks. 

*structures response* 
I'll do: 
1. Definition + purpose for each 
2. Key characteristics 
3. Why it matters for evaluation 
That way it's practical for their use case. 

*double-checks* 
The user said ""return structured answer with clear section headings"" so I'll make sure each concept gets its own subsection with bold headers. No markdown though - they didn't specify but plain text with asterisks for bolding should work. 

*considers depth* 
Since they're evaluating, I should highlight implications: e.g., durable queueing affects scalability, writeback impacts data consistency. That's probably what they really need - not just definitions but how these concepts affect real-world performance. 

*mental note* 
Don't mix up rollback metadata with actual rollback. Metadata is just the tracking info, not the action. Important distinction for their evaluation. 

Alright, time to write. I'll keep it professional but accessible - they might be new to this if they're evaluating a platform they didn't build themselves.
</think>

Here's a structured explanation of each concept within the context of a **local autonomous agent platform** (e.g., a system where agents execute tasks on a local network without external dependencies). Each section clearly defines the concept, its purpose, key characteristics, and relevance to platform evaluation.

---

### 1. Task Ingestion
**Definition**: The process of accepting and initially processing incoming tasks (e.g., user requests, scheduled jobs, or event-driven triggers) into the system.  
**Purpose**: To capture and validate tasks before they enter the workflow.  
**Key Characteristics**:  
- Typically occurs via APIs, message brokers, or direct file uploads.  
- Includes validation (e.g., input format checks, resource availability).  
- **Critical for evaluation**: Determines how easily the platform handles task volume and initial input quality. Poor ingestion can cause bottlenecks or invalid tasks.  
**Why it matters for your platform**: If ingestion is slow or error-prone, the platform fails to start processing tasks efficiently.

---

### 2. Change Detection
**Definition**: The mechanism that identifies *state changes* in the system (e.g., new data, updated files, or environmental shifts) that trigger task execution.  
**Purpose**: To enable reactive task scheduling without constant polling.  
**Key Characteristics**:  
- Uses event streams, file system monitors, or database triggers.  
- Focuses on *deltas* (changes) rather than full state snapshots.  
- **Critical for evaluation**: A robust change detection system reduces latency and resource waste. Weak detection leads to missed tasks or unnecessary rework.  
**Why it matters for your platform**: If change detection is unreliable, agents may miss critical updates, causing data inconsistencies.

---

### 3. Durable Queueing
**Definition**: A persistent, fault-tolerant queue that stores tasks for reliable delivery to workers (e.g., using databases, distributed message queues).  
**Purpose**: Ensures tasks are not lost during failures and processed in order (or prioritized).  
**Key Characteristics**:  
- Survives system restarts, crashes, or network interruptions.  
- Supports message persistence (e.g., disk-backed queues).  
- **Critical for evaluation**: Measures reliability and scalability. Poor queueing causes task loss or retries.  
**Why it matters for your platform**: If queueing is non-durable, the platform fails under failure scenarios (e.g., agent crashes → tasks vanish).

---

### 4. Worker Execution
**Definition**: The actual processing step where agents perform task logic (e.g., compute, data manipulation, I/O operations).  
**Purpose**: To transform inputs into outputs.  
**Key Characteristics**:  
- Runs in isolated environments (e.g., containers, VMs).  
- May involve stateful or stateless operations.  
- **Critical for evaluation**: Directly impacts performance, security, and correctness. Slow or error-prone execution breaks end-to-end flow.  
**Why it matters for your platform**: If execution is inefficient or insecure, the platform cannot deliver reliable results.

---

### 5. Writeback
**Definition**: The step where processed results (outputs) are persisted to the system (e.g., databases, files, or state stores).  
**Purpose**: To ensure task outcomes are durable and visible to the system.  
**Key Characteristics**:  
- Occurs *after* worker execution.  
- May involve atomic writes to prevent data corruption.  
- **Critical for evaluation**: Failure here causes data loss. Slow writeback impacts throughput.  
**Why it matters for your platform**: Without writeback, tasks are ""ghost"" operations—results vanish after execution.

---

### 6. Rollback Metadata
**Definition**: Data that tracks *how* and *why* a task failed (e.g., error logs, state snapshots, timestamps) to enable recovery.  
**Purpose**: To facilitate safe re-execution or correction of failed tasks.  
**Key Characteristics**:  
- Stored separately from task results (e.g., in a metadata database).  
- Includes contextual info (e.g., ""Task ID: 123, Failure Reason: Network timeout at step 2"").  
- **Critical for evaluation**: Determines recovery speed and accuracy. Incomplete metadata makes rollbacks impossible.  
**Why it matters for your platform**: If rollback metadata is missing or flawed, failed tasks cannot be fixed—leading to data corruption or manual intervention.

---

### Summary of Key Differences for Evaluation
| **Concept**          | **When It Happens**          | **Primary Goal**                          | **Failure Impact**                     |
|----------------------|------------------------------|--------------------------------------------|-----------------------------------------|
| Task Ingestion       | Start of task lifecycle      | Validate & accept tasks                   | Tasks never processed                  |
| Change Detection     | Before task execution        | Identify relevant state changes           | Missed tasks; stale data               |
| Durable Queueing     | After ingestion              | Ensure task persistence                   | Tasks lost during failures             |
| Worker Execution     | Core processing phase        | Transform inputs → outputs                | Incorrect results; no output           |
| Writeback            | After execution              | Persist results for durability            | Data loss; inconsistent state          |
| Rollback Metadata    | On failure                   | Enable safe recovery of failed tasks      | Permanent data corruption              |

**Why this matters for your evaluation**: A well-designed platform ensures tasks flow from **ingestion** → **change detection** → **durable queueing** → **worker execution** → **writeback**, with **rollback metadata** for resilience. If any step is weak (e.g., non-durable queueing or missing rollback metadata), the platform fails under real-world conditions. Prioritize these concepts to assess reliability, scalability, and correctness.",,50.0,32.0,39.2,True,58.91,
qwen3:4b,qwen3:4b,long,text,1,cold,True,,nothinking,nothinking,explicit,452169687168,1010972268,189,7201092331,3442,442170093015,452.1818689230131,26.246018147326545,7.784334703711485,15300,"Okay, the user wants me to act as a systems architect designing a self-hosted autonomous agent platform with very specific requirements. This is quite a technical request with multiple layers to unpack. 

First, I need to understand what they're really after. They're clearly an experienced systems engineer or architect given how precise the requirements are - decoupling sync from processing, append-only history, durable jobs, Ollama integration, etc. This isn't a beginner question. They probably work on enterprise-grade AI systems where reliability and auditability are critical.

Hmm... the key challenges here are balancing flexibility with robustness. The user wants to avoid common pitfalls in agent systems - like having the same code handle both sync and processing, which would make the system brittle. I should emphasize why that separation matters practically. 

For the structured records part... they're probably worried about unstructured logs causing data silos. In production systems, you need to trace exactly what happened without losing context. I'll explain how JSON schemas with versioning help with both auditability and future rollbacks.

The provider abstraction request is interesting - they want to avoid vendor lock-in. Smart move since many teams use Ollama but might later need other LLMs. I should mention how this enables swapping providers without changing core logic.

*checks requirements again* Oh! They specifically want prompt versioning. That's crucial for debugging - if an agent fails, you need to know which prompt version caused it. I'll tie this to the ""source-of-truth"" requirement too.

For the role-based models... this is where I can show real value. Most systems use one LLM for everything, but here they want planner/reviewer/fast-task roles. That's actually a big deal for complex workflows. I'll explain how this reduces hallucination risks.

*mental note* The hardware benchmarking part is practical - they're probably setting up local infrastructure. I should mention specific metrics like token throughput per GPU since Ollama runs locally.

Now for the risks... *thinks* 
1) If sync and processing aren't truly decoupled, the system could get stuck in loops 
2) Versioning collisions if prompt files aren't managed properly 
3) Provider abstractions might be too vague 
4) Role selection could cause inconsistent outputs 
5) Hardware bottlenecks on local inference

Mitigations need to be concrete: 
- For risk 1: strict timeouts with circuit breakers 
- For versioning: UUIDs with semantic versioning 
- Etc.

Operational metrics... they'll want things that actually tell them if the system is healthy. Not just ""jobs completed"" but things like ""failed tasks per hour"" or ""prompt version drift"".

*double-checks* Did I cover all? 
- Why sync/processing separation: yes, with the state machine example 
- Structured records: explained with JSON schema benefits 
- Provider abstraction: critical for flexibility 
- Prompt versioning: ties to auditability 
- Role models: reduces hallucination 

The user seems highly technical so I'll avoid oversimplifying. But I should also emphasize practical implementation - like using SQLite for the history since it's self-hosted. 

Wait... they mentioned ""future rollback"" specifically. That means the system must be able to revert to previous states without data loss. I'll make sure the append-only design supports that through versioned records.

*starts drafting* I'll structure it as: 
First explain each ""why"" with concrete examples, then the risks/mitigations/metrics table. For the hardware part, I'll focus on local inference benchmarks since they're using Ollama.

This user knows their stuff - they'll spot if I'm vague. Better be precise with terms like ""durable jobs"" meaning they survive restarts, and ""structured records"" meaning schema-enforced JSON.
</think>

## Self-Hosted Autonomous Agent Platform: Technical Design Explanation

As a systems architect designing this platform, I've prioritized **resilience**, **auditability**, and **operational clarity** while meeting your requirements. Below is a precise technical breakdown addressing each component of your query.

---

### 1. Why Sync and Processing Must Be Separated
**Technical Rationale**:  
Sync (state synchronization) and processing (business logic execution) *must* be decoupled to prevent **state ambiguity**, **cascading failures**, and **unpredictable behavior**.  

- **Problem without separation**: If sync and processing share the same thread/context, a single failure (e.g., network timeout during sync) could halt *all* processing. This violates the ""source-of-truth"" requirement by allowing inconsistent states to propagate.
- **Solution**:  
  - **Sync layer**: Handles *only* data reconciliation (e.g., `agent_state = reconcile_state(agent_state, upstream_source)`). Uses lightweight, idempotent operations (e.g., checksums, timestamps).  
  - **Processing layer**: Executes *only* agent logic (e.g., `output = agent_processor(prompt, context)`). Runs in isolated, stateless containers with strict timeouts.  
- **Why it matters**: This separation ensures that:  
  ✅ Failures in sync don’t block processing  
  ✅ Processing can run in parallel across multiple agents  
  ✅ Upstream systems remain the *true* source of data (no agent state overrides upstream)  
  ✅ Audit trails are cleanly mapped to specific sync events vs. processing events  

*Real-world analogy*: Like a car’s engine (processing) and its fuel pump (sync). If you stop the fuel pump (sync), the engine (processing) should *not* run until fuel is restored – but the engine itself shouldn’t be affected by the pump’s failure.

---

### 2. Why Agent Outputs Should Be Persisted as Structured Records
**Technical Rationale**:  
Unstructured logs (e.g., raw JSON, text) cause **data silos**, **inconsistent auditing**, and **impossible rollbacks**. Structured records (e.g., JSON with schemas) enable:  

- **Versioned history**: Each record includes `timestamp`, `prompt_version`, `role`, `input_data`, `output_data`, `status`, `error`.  
- **Append-only guarantees**: New records *always* add to the end (no overwrites), preserving chronological order.  
- **Source-of-truth preservation**: Upstream systems (e.g., databases) remain unchanged – agent outputs are *derived* from them, not the reverse.  
- **Rollback capability**: If an agent fails at step `N`, you can revert to the *last valid state* (record `N-1`) without data loss.  

*Example schema*:  
```json
{
  ""id"": ""record_12345"",
  ""timestamp"": ""2024-05-20T14:22:00Z"",
  ""prompt_version"": ""v2.1"",
  ""role"": ""planner"",
  ""input"": {
    ""source"": ""upstream_db"",
    ""data"": { ""user_id"": ""u_123"" }
  },
  ""output"": {
    ""action"": ""generate_plan"",
    ""plan"": { ""steps"": [ ""step1"", ""step2"" ] }
  },
  ""status"": ""completed"",
  ""error"": null
}
```

**Why this solves your requirements**:  
- ✅ Auditability: Full traceability via record IDs  
- ✅ Future rollback: Revert to any previous state by ID  
- ✅ Prompt versioning: Explicitly tied to output  
- ✅ Durable jobs: Records survive node failures  

---

### 3. Why Provider Abstraction Matters
**Technical Rationale**:  
Provider abstraction (e.g., `LLMProviderInterface`) decouples **how** the agent gets LLM responses from **what** the agent does.  

- **Problem without abstraction**: If your code directly uses Ollama (`ollama run`), switching to another provider (e.g., Hugging Face) requires full code rewrite.  
- **Solution**:  
  ```python
  class LLMProviderInterface:
      def generate(self, prompt: str, model: str) -> str: ...
      def get_model_list(self) -> List[str]: ...
  ```
  - **Implementation**: Ollama provider implements this interface (e.g., `ollama_client = OllamaProvider()`)  
  - **Why it matters**:  
    ✅ **Swappable providers**: Replace Ollama with another LLM service without touching agent logic  
    ✅ **Version independence**: Agent logic doesn’t care if it’s running on CPU/GPU or cloud/local  
    ✅ **Failure isolation**: If Ollama crashes, the agent *still* runs (via retries) – no system-wide outage  
    ✅ **Compliance**: Ensures LLM usage adheres to policies (e.g., no model leakage)  

*Critical insight*: This abstraction enforces **processor logic separation** – the agent *never* knows how the LLM was called.

---

### 4. Why Prompt File Versioning Matters
**Technical Rationale**:  
Prompt files (e.g., `prompts/planner_v2.1.md`) must be versioned to ensure **reproducibility** and **traceability**.  

- **Problem without versioning**: If a prompt changes but isn’t versioned, you can’t distinguish between:  
  - A failed task due to a prompt change  
  - A failed task due to a bug in the agent  
- **Solution**:  
  - Store prompts in Git (e.g., `git repo` with `prompts/` directory)  
  - Each prompt has a **unique semantic version** (e.g., `v2.1` = 2 major features, 1 minor fix)  
  - When processing starts, the agent *always* uses the prompt version *explicitly declared* in the job spec.  
- **Why it matters**:  
  ✅ **Auditability**: ""Why did this output happen?"" → Check prompt version + timestamp  
  ✅ **Rollback**: If prompt `v2.1` causes failures, revert to `v2.0`  
  ✅ **Source-of-truth**: Prompts are *external* (e.g., Git) – never modified by the agent  

*Key detail*: Versioning is **semantic**, not just Git commits. `v2.1` means ""2 major features added, 1 bug fix"" – not just ""commit 123"".

---

### 5. Why Role-Based Model Selection Improves System Behavior
**Technical Rationale**:  
Different roles (planner, reviewer, fast-task) require **different LLM capabilities**. Using the *same* model for all roles causes:  
- **Overhead**: Slow models for fast tasks (e.g., reviewer model = 100 tokens, fast-task = 50 tokens)  
- **Hallucination**: Planner needs complex reasoning; fast-task needs speed  
- **Inconsistency**: No role-specific constraints (e.g., reviewers must validate *only* outputs)  

**Solution**:  
- **Role-specific models**:  
  | Role         | Model Type       | Token Limit | Use Case                     |
  |---------------|------------------|--------------|-------------------------------|
  | Planner       | Large (e.g., 7B) | 1024         | Strategic planning            |
  | Reviewer      | Medium (e.g., 3B) | 256          | Validation, error checking    |
  | Fast-Task     | Tiny (e.g., 1B)  | 512          | Quick actions (e.g., ""send email"") |
- **Why it improves behavior**:  
  ✅ **Speed**: Fast tasks complete in <1s (vs. 5s for large models)  
  ✅ **Accuracy**: Reviewer model has fewer hallucinations due to constrained output  
  ✅ **Resource efficiency**: 40% less GPU usage for fast tasks  
  ✅ **Compliance**: Roles have explicit output constraints (e.g., reviewers *must* return `approved`/`rejected`)

---

### 6. What to Observe in Benchmarking Local Inference Hardware
When deploying Ollama locally, monitor these **critical metrics** to avoid performance pitfalls:  

| Metric                     | Target for Local Inference | Why It Matters                                                                 |
|----------------------------|----------------------------|-------------------------------------------------------------------------------|
| **Token throughput (tokens/sec)** | > 50 (for 1B models)       | Below 50 = slow responses; causes timeouts in processing jobs                  |
| **GPU memory utilization**  | < 70% (for 8GB GPUs)       | High usage = OOM errors; crashes agent jobs                                   |
| **CPU utilization**         | < 60%                      | High usage = slow sync operations (critical for append-only history)           |
| **Latency (p95)**          | < 200ms                    | >200ms = unresponsive agents; breaks ""fast-task"" role guarantees             |
| **Model load time**         | < 1s                       | >1s = delays in starting new jobs (affects job queue health)                 |

**Key insight**: For Ollama, **GPU acceleration** is non-negotiable for >1B models. If your hardware lacks GPUs, use CPU-only models (e.g., `llama3-8b` → `llama3-8b-gpu`).

---

## 5 Risks, 5 Mitigations, 5 Operational Metrics

| Category          | Risk                                                                 | Mitigation                                                                                              |
|--------------------|-----------------------------------------------------------------------|--------------------------------------------------------------------------------------------------------|
| **System**          | Sync fails → processing blocks indefinitely                           | Circuit breaker for sync layer (max 5s timeout, exponential backoff)                                     |
| **Data**            | Unversioned prompt changes cause inconsistent outputs                  | Enforce Git-style semantic versioning for all prompts; validate version in job spec                      |
| **Provider**        | Provider abstraction breaks due to incompatible API changes            | Use strict interface contracts (e.g., `LLMProviderInterface`) with versioned implementations            |
| **Role**            | Fast-task model used for complex planning → high latency               | Enforce role-specific model constraints at job creation (e.g., `role: fast-task` → max tokens=512)      |
| **Hardware**        | Local GPU OOM errors during large model inference                      | Monitor GPU memory; auto-switch to CPU model if >70% utilization (via Ollama’s `--gpu` flag)           |

| **Operational Metric** | **Why It Matters**                                                                 |
|------------------------|---------------------------------------------------------------------------------|
| **% Sync Failures**    | Measures sync layer health; >1% = need for circuit breaker tuning                |
| **Prompt Version Drift** | Tracks if prompts are updated without versioning; >0.1% = compliance risk       |
| **Role Model Match**   | % of jobs using correct model for role (e.g., 99.5% for planner → large model)   |
| **Job Retry Rate**     | High rate (>5%) = processing logic flawed; needs audit of failed jobs            |
| **Append-Only Lag**    | Time between new record creation and persistence; >100ms = history integrity risk |

---

### Summary of Design Philosophy
This platform achieves your requirements by:  
1. **Strict separation of sync and processing** → Prevents state corruption  
2. **Append-only structured records** → Enables auditability + rollbacks  
3. **Provider abstraction** → Swappable LLMs without code changes  
4. **Semantic prompt versioning** → Reproducible, traceable workflows  
5. **Role-specific models** → Optimized for speed/accuracy per use case  

The result is a **self-hosted system** that:  
✅ Survives hardware failures  
✅ Rolls back to any prior state  
✅ Uses local LLMs without vendor lock-in  
✅ Provides full auditability for compliance  
✅ Runs efficiently on modest hardware (e.g., 8GB GPU + 16GB RAM)  

This design is battle-tested in production at [Your Company] for 10k+ agent jobs/day with <0.01% failure rate. I’d be happy to refine any component further based on your infrastructure constraints.",,50.0,54.0,52.4,True,63.47,
qwen3:4b,qwen3:4b,json_agent,json_agent,1,cold,True,,nothinking,nothinking,explicit,84992470065,991199402,80,2997904654,922,80481253952,84.99601895397063,26.685304982351184,11.456083929182963,4349,"Okay, let's see. I need to generate a valid JSON that matches the given schema for refactoring the NATS retry scheduler for a multi-agent local platform.

First, the title should be a string. The task is about refactoring NATS retry scheduler for multi-agent local platform. So maybe the title is ""Refactor NATS Retry Scheduler for Multi-Agent Local Platform"".

Next, the priority. The options are low, medium, high, critical. The task is about refactoring, which is a significant change, so probably high or critical. Since it's a multi-agent local platform, maybe it's critical because it's a critical system component. Let me think. In many contexts, critical is for urgent, high-impact issues. So I'll go with ""critical"".

Then steps. The steps should be an array of strings. I need to list the steps for refactoring. Let's think: first, analyze the current scheduler, then design the new scheduler for multi-agent, implement the retry logic, test with multiple agents, integrate with the local platform, and maybe deploy. But the user says ""multi-agent local platform"", so steps could be:

1. Analyze existing NATS retry scheduler behavior.
2. Design multi-agent compatible retry scheduling strategy.
3. Implement retry scheduler with agent-specific scheduling.
4. Integrate with local platform's agent communication layer.
5. Test retry logic across multiple agents in local environment.
6. Deploy and monitor for stability.

But maybe they want concise steps. Let me check the required schema again. The steps are an array of strings. Let as keep it to 3-4 steps.

Risks: array of strings. Common risks when refactoring: compatibility issues with existing agents, increased latency due to retry logic, unexpected interactions between agents, scalability issues, testing complexities. So possible risks:

- Incompatibility with legacy agent implementations
- Increased message latency due to complex retry scheduling
- Unintended agent conflicts during retry propagation
- Scalability challenges with large agent populations

Review model role: a string. The role that reviews this task. Maybe ""Platform Architecture Reviewer"" or ""DevOps Engineer"". Since it's a local platform, maybe ""Local Platform Lead"" or ""Multi-Agent Systems Specialist"". Let's pick ""Multi-Agent Systems Specialist"" as the review model role.

Let me structure the JSON:

{
  ""title"": ""Refactor NATS Retry Scheduler for Multi-Agent Local Platform"",
  ""priority"": ""critical"",
  ""steps"": [
    ""Analyze current NATS retry scheduler behavior"",
    ""Design multi-agent compatible retry scheduling strategy"",
    ""Implement agent-specific retry logic with NATS"",
    ""Integrate and test across multiple local agents""
  ],
  ""risks"": [
    ""Incompatibility with legacy agent implementations"",
    ""Increased message latency from complex retry scheduling"",
    ""Unintended agent conflicts during retry propagation""
  ],
  ""review_model_role"": ""Multi-Agent Systems Specialist""
}

Wait, the priority is critical? The user says ""critical"" is an option. Let me check if critical is the correct priority. Since it's a refactor for a multi-agent local platform, it's a critical component, so yes.

Steps: the user said ""refactor"", so steps should be actionable. Maybe the steps I listed are okay.

Risks: the three risks I listed seem relevant.

Review model role: ""Multi-Agent Systems Specialist"" seems appropriate.

I need to make sure all fields are present and the JSON is valid.

Let me check the schema:

- title: string (yes)
- priority: low|medium|high|critical (critical is valid)
- steps: array of strings (yes)
- risks: array of strings (yes)
- review_model_role: string (yes)

So the JSON should be valid.

Let me write it out without any extra text, just the JSON.
</think>

{
  ""title"": ""Refactor NATS Retry Scheduler for Multi-Agent Local Platform"",
  ""priority"": ""critical"",
  ""steps"": [
    ""Analyze current NATS retry scheduler behavior"",
    ""Design multi-agent compatible retry scheduling strategy"",
    ""Implement agent-specific retry logic with NATS"",
    ""Integrate and test across multiple local agents""
  ],
  ""risks"": [
    ""Incompatibility with legacy agent implementations"",
    ""Increased message latency from complex retry scheduling"",
    ""Unintended agent conflicts during retry propagation""
  ],
  ""review_model_role"": ""Multi-Agent Systems Specialist""
}",False,0.0,0.0,0.0,False,0.0,invalid json
qwen3.5:4b,qwen3.5:4b,short,text,1,cold,True,,nothinking,nothinking,explicit,37140873428,3637219498,28,1288640666,211,32024077689,37.1423429310089,21.728322517489136,6.588792409546168,1241,"Idempotent job orchestration is critical because it guarantees that repeating a task multiple times produces the same result as running it once, regardless of execution failures or network interruptions. In distributed systems where tasks might retry or be rescheduled due to instability, this property prevents data duplication, overwrites, or inconsistent states that would occur if the system behaved deterministically based on the number of runs rather than the logical outcome of the operation. Without this assurance, minor technical glitches could lead to significant operational errors, such as double-charging a customer or corrupting a database record.

Furthermore, it enables robust automation and fault tolerance in complex pipelines by allowing infrastructure to safely recover from transient errors without manual intervention. When a workflow knows that re-executing a step is harmless (e.g., `idempotent=true`), automated recovery mechanisms can instantly re-trigger failed jobs, ensuring eventual consistency and high availability. This eliminates the need for fragile manual cleanup procedures or complex state management logic, making production environments more resilient, cost-effective, and easier to manage at scale.",,30.0,21.0,24.6,True,64.12,
qwen3.5:4b,qwen3.5:4b,medium,text,1,cold,True,,nothinking,nothinking,explicit,192131290885,2292346029,69,2883959730,1208,186312153889,192.13597680989187,23.92543809895709,6.483742336636263,5930,"# Evaluation of Local Autonomous Agent Platform Components

The following explanation details the specific functions of the six core mechanisms identified in your autonomous agent platform. These components work together to form a robust lifecycle for an autonomous agent, ensuring tasks are processed accurately, efficiently, and resiliently in a local environment.

## 1. Task Ingestion
**Definition:** The initial entry point where raw work requests (tasks) are received, parsed, validated, and converted into an internal format the system can understand and execute.

*   **Function:** Acts as the primary interface between external inputs (e.g., user commands, API calls, cron jobs) and the agent's internal processing engine. It normalizes diverse input types into a standardized payload (e.g., JSON schema or binary protocol).
*   **Key Activities:**
    *   **Parsing:** Converting raw data into structured task objects containing instructions, parameters, and context.
    *   **Validation:** Checking input integrity, permissions, and resource availability.
    *   **Pre-checking:** Assessing if a task is suitable for the local environment (e.g., checking for sensitive data before execution).
*   **Importance:** Ensures that the system only processes legitimate, well-formatted work, preventing errors downstream and securing the agent's operations.

## 2. Change Detection
**Definition:** The mechanism responsible for identifying modifications within the environment, data stores, or task states that occur after an operation has been completed or queued.

*   **Function:** Monitors the system state (filesystem, database, API responses, or execution logs) for discrepancies from the last known good state.
*   **Key Activities:**
    *   **Filesystem Monitoring:** Detecting new files, deletions, or permission changes.
    *   **State Sync:** Reconciling differences between local caches and remote sources.
    *   **Event Triggering:** Identifying specific conditions (e.g., ""task status changed to failed"") that require immediate re-evaluation or retry logic.
*   **Importance:** Enables reactive behavior in autonomous agents. Without change detection, an agent might execute outdated instructions or miss critical updates, leading to data inconsistency or failed automations.

## 3. Durable Queueing
**Definition:** A storage and routing architecture that guarantees tasks are not lost, even if the system crashes, and that tasks are processed in a defined order.

*   **Function:** Acts as a persistent buffer between task ingestion and worker execution. It ensures **at-least-once** delivery and maintains task ordering.
*   **Key Activities:**
    *   **Persistence:** Writing tasks to a durable store (disk-based or memory-backed with commit) immediately upon ingestion.
    *   **State Management:** Tracking task lifecycle (e.g., `pending`, `running`, `completed`, `failed`) independent of the specific worker instance.
    *   **Backpressure:** Regulating the rate of task submission to prevent system overload.
*   **Importance:** Critical for resilience. It ensures that if a worker dies, no jobs are dropped; the queue remains intact so workers can resume exactly where they left off.

## 4. Worker Execution
**Definition:** The phase where individual autonomous agents (workers) consume tasks from the durable queue, perform the actual logic, and attempt to complete the work.

*   **Function:** The computational engine of the platform. Each worker pulls a task, executes the required code or script against local resources, and moves toward completion.
*   **Key Activities:**
    *   **Consumption:** Fetching the next available task from the queue.
    *   **Processing:** Running the core logic (e.g., data transformation, file generation, network simulation).
    *   **Timeout Management:** Enforcing SLA boundaries to prevent infinite loops or hung processes from blocking the queue.
*   **Importance:** This is the core of the platform's throughput. Efficient workers maximize the rate of task completion while adhering to strict timeouts to maintain system stability.

## 5. Writeback
**Definition:** The process of persisting the results of executed tasks back into the shared state or database immediately upon successful or failed completion.

*   **Function:** Ensures that the outcomes of work are captured and available for future processing, verification, or human review.
*   **Key Activities:**
    *   **Result Storage:** Saving output files, JSON results, or status updates to a central location.
    *   **Metadata Updates:** Recording timestamps, execution duration, resource usage, and checksums of the final artifact.
    *   **Feedback Loop:** Making data available for the next iteration of the agent's logic or for downstream systems to consume.
*   **Importance:** Without writeback, there is no audit trail, no history for debugging, and no ability for the system to learn or verify the correctness of its actions over time.

## 6. Rollback Metadata
**Definition:** The set of historical records and state snapshots maintained to enable reverting a system to a previous consistent state, particularly after a failed task or catastrophic failure.

*   **Function:** Facilitates recovery by storing ""what was good"" before the current state was reached or corrupted.
*   **Key Activities:**
    *   **State Snapshots:** Saving the state of files or databases before a risky operation.
    *   **Transaction Logs:** Keeping a record of previous successful commits to identify the last known good version.
    *   **Recovery Instructions:** Generating data structures that tell the system exactly how to restore the environment to a prior point in time.
*   **Importance:** Essential for safety and integrity. In an autonomous agent system, mistakes happen. Rollback metadata allows the system to undo damage automatically or recover quickly without manual intervention.",,50.0,51.0,50.599999999999994,True,58.99,
qwen3.5:4b,qwen3.5:4b,long,text,1,cold,True,,nothinking,nothinking,explicit,356911584277,2296116660,195,7888187039,2196,345620610172,356.91960878891405,24.720509165908485,6.353787752724435,10264,"# Architectural Blueprint: Self-Hosted Autonomous Agent Platform

This design outlines a distributed systems architecture for a self-hosted autonomous agent platform. The core philosophy revolves around **imperative correctness** over convenience, treating the agent's lifecycle as a sequence of durable, auditable, and version-controlled state transitions.

## Core Architectural Pillars

### 1. Why Sync and Processing Must Be Separated
In traditional synchronous loops, a processing decision often dictates the immediate state of the upstream system, creating a tight coupling that is brittle. Separating **Sync** (the interface to external systems) from **Processing** (the internal logic loop) offers several critical advantages:
*   **Backpressure Control**: Upstream systems (databases, APIs, legacy monoliths) often have rate limits or slow response times. Decoupling allows the processing engine to queue requests indefinitely, backpressuring the upstream without halting the agent's internal reasoning.
*   **Retry Logic Granularity**: If a sync operation fails (e.g., network timeout), the *processing* loop can inspect the failure metadata, decide to retry immediately, queue a new attempt, or pivot to a different strategy, all without blocking the generation of subsequent thoughts.
*   **State Consistency**: Sync operations often require idempotency keys. By separating the fetch/submit logic, we ensure that the ""Source of Truth"" in the external system is updated only once per logical event, preventing duplicate writes caused by retry storms.

### 2. Why Agent Outputs Should Be Persisted as Structured Records
Treating agent interactions as unstructured logs (e.g., simple text dumps) is sufficient for casual observation but disastrous for an autonomous system requiring auditability. Structured records (JSON schemas) provide:
*   **Temporal Integrity**: Every output must include a monotonically increasing `event_id` and a `timestamp`. This enables the reconstruction of the exact causal chain leading to a decision, essential for debugging hallucinations or logical deadlocks.
*   **Indexing and Search**: Instead of parsing raw text to find when an error occurred, a structured record allows immediate filtering by `status`, `tool_name`, or `input_hash`.
*   **Snapshot Capability**: For rollback scenarios, a single record represents a ""point-in-time"" state of the world (inputs + reasoning + outputs). This allows the system to rewind time to a specific checkpoint to re-execute history with corrected parameters.
*   **Schema Evolution**: Enforcing a schema ensures that even if a specific tool argument changes, the ingestion pipeline remains robust, whereas free-form text parsing breaks silently and unpredictably.

### 3. Why Provider Abstraction Matters
Agent platforms must be agnostic to the underlying technology stack to ensure long-term viability and cost efficiency. A **Provider Abstraction Layer** (e.g., a `ToolService` interface) ensures:
*   **Interoperability**: The same agent code can call `local_llm()`, `ollama_client()`, or a paid cloud API without rewriting logic. This allows mixing local and remote models based on cost/speed trade-offs at runtime.
*   **Testing Isolation**: Mock providers can be injected easily. We can simulate a database failure or a rate-limiting API to test the agent's resilience without impacting production systems.
*   **Security Boundaries**: The abstraction layer can enforce context windows, token quotas, and sensitive data sanitization before sending requests to any external provider, preventing data leakage regardless of which model is chosen.

### 4. Why Prompt File Versioning Matters
In autonomous systems, prompts act as the ""specifications"" of intent. Using a Git-like versioning system for prompts is non-negotiable for:
*   **Reproducibility**: ""The prompt was changed on Tuesday."" Without versions, it is impossible to know *which* prompt generated a specific hallucination. Versioning allows the exact prompt text (`v1.2.0`) to be re-executed against the same input.
*   **A/B Testing**: Prompts can be rolled out incrementally to a subset of tasks (e.g., `draft_v1` vs `draft_v2`) to measure success rates before a full deployment.
*   **Rollback Semantics**: If a prompt causes the system to enter a loop, the platform can instantly revert the `current_prompt_hash` to the previous stable version, effectively resetting the agent's cognitive state.

### 5. Why Role-Based Model Selection Improves System Behavior
A ""generalist"" model often suffers from context overload and slow inference. Role-based selection (Planner, Reviewer, Executor) leverages specialized strengths:
*   **Planner**: Uses a slower, reasoning-heavy model to break down complex, multi-step tasks into atomic, low-risk operations. High cost is justified by reduced overall execution failure.
*   **Reviewer**: Uses a highly specialized model (e.g., optimized for code safety or logical consistency) to verify outputs against constraints, potentially running in parallel to the executor.
*   **Fast-Task Model**: Uses a small, fast model for execution of routine tasks (formatting, simple queries) to maximize throughput.
*   **Context Management**: By assigning different models to different roles, we optimize the context window usage; the planner needs long-term memory, while the fast-task model only needs immediate parameters.

### 6. What to Observe in Benchmarking Local Inference Hardware
When selecting local LLMs via Ollama, benchmarking metrics must go beyond raw tokens-per-second:
*   **Memory Footprint vs. Batch Size**: Observe how much VRAM is required to sustain different batch sizes. Local inference is often memory-bound; a model that fits in 4GB VRAM might outperform a 16GB one due to swapping overhead.
*   **Latency Variance (Jitter)**: Unlike deterministic CPU tasks, local inference can fluctuate based on GPU temperature or load. Measure the standard deviation of latency, not just the mean. High jitter disrupts the deterministic nature of agent loops.
*   **Context Window Efficiency**: Measure the actual tokens processed per KB of memory usage. Some models are better at maintaining coherence over long contexts (e.g., 32k tokens) than others, directly impacting the ""Review"" role's ability to see the full history.
*   **Quantization Sensitivity**: Evaluate if INT4 or INT8 quantization preserves the nuanced reasoning required for the ""Planner"" role without degrading the ""Fast-Task"" role's accuracy.
*   **Warm-up Time**: Local GPUs require cache warming. Measure the initial latency before steady state is reached to ensure the agent doesn't suffer long delays at the start of execution.

---

## Risk Mitigation Framework

| # | Risk Description | Mitigation Strategy |
| :--- | :--- | :--- |
| **1** | **Context Catastrophe**: The agent enters a loop because it cannot summarize or lose track of its own history. | **Structural Limits**: Enforce a maximum context depth per turn. The ""Reviewer"" role must explicitly summarize the last $N$ steps before the ""Planner"" acts, truncating redundant history automatically. |
| **2** | **Upstream Corruption**: A write operation to the Source of Truth fails silently or races with another actor, leading to data corruption. | **Transactional Semantics**: The Sync layer must implement explicit two-phase commit patterns. All updates to the ""Source of Truth"" table must be accompanied by a durable record in the Agent History DB, with explicit validation of the ""Before"" and ""After"" states. |
| **3** | **Hallucination Propagation**: The agent generates an incorrect plan, which the reviewer misses, leading to costly downstream failures. | **Dual-Review Mechanism**: Implement a ""Self-Reflection"" loop where the Reviewer generates *counter-factual arguments* against the proposed plan before execution, forcing the system to validate constraints proactively. |
| **4** | **Local Resource Exhaustion**: The agent attempts to use a large model for simple tasks, filling VRAM and bringing the node offline. | **Adaptive Resource Sizing**: The Planner must estimate task complexity. Simple tasks must be forced to use the smallest viable model (`fast-task`), with a hard cap on memory allocation per process. |
| **5** | **Loss of Agency**: The agent gets stuck in a specific role (e.g., only planning) and never executes. | **State Machine Enforcers**: The system must maintain an explicit state machine (`Planning` -> `Reviewing` -> `Executing` -> `Reviewing` -> `Planning`). Role selection is forced by state transitions, not just model choice. |

---

## Operational Metrics for Health Monitoring

To ensure the platform remains stable and self-healing, the following metrics should be monitored in real-time:

1.  **Loop Detection Rate**:
    *   *Definition*: The frequency of detected infinite loops (same input/output sequence repeated > $K$ times) per hour.
    *   *Goal*: Near zero. High values indicate a breakdown in the Reviewer's ability to detect regressions or the Planner's inability to detect terminal states.

2.  **Sync Retry Success Ratio**:
    *   *Definition*: `(Total Successful Syncs) / (Total Sync Attempts)` for critical upstream operations.
    *   *Goal*: > 99.5%. A drop here indicates network issues or upstream system degradation.

3.  **Context Drift Variance**:
    *   *Definition*: The statistical variance in the ""summary"" token count provided by the Reviewer across batches.
    *   *Goal*: Low variance. High variance suggests the Reviewer is inconsistently summarizing context, potentially missing critical details.

4.  **Model Selection Efficiency**:
    *   *Definition*: The percentage of tasks routed to the ""Fast-Task"" model vs. ""Planning"" model relative to estimated complexity.
    *   *Goal*: Tasks should be routed correctly. Misclassification leads to either timeouts (simple tasks on heavy models) or failures (complex tasks on small models).

5.  **Rollback Time (RTO)**:
    *   *Definition*: The elapsed time from detecting a failure state to restoring the last known good ""Source of Truth"" state and re-initializing the agent.
    *   *Goal*: < 30 seconds for critical failures. This metric validates the effectiveness of durable storage and prompt versioning.",,50.0,44.0,46.4,True,58.75,
qwen3.5:4b,qwen3.5:4b,json_agent,json_agent,1,cold,True,,nothinking,nothinking,explicit,32826043345,2291549124,92,3651099082,170,26705081675,32.827680474030785,25.197891904265774,6.365829622575008,736,"{
  ""title"": ""Multi-Agent NATS Retry Scheduler Refactoring"",
  ""priority"": ""high"",
  ""steps"": [
    ""Identify current retry logic bottlenecks in NATS agent communication."",
    ""Implement exponential backoff with jitter for transient failures."",
    ""Add circuit breaker pattern to prevent cascade failures."",
    ""Design priority queue handling for low, medium, high, and critical agents."",
    ""Write comprehensive unit tests for edge cases.""
  ],
  ""risks"": [
    ""Potential delay in critical message delivery due to retry thresholds."",
    ""Risk of message duplication if acknowledgment logic is flawed."",
    ""Increased latency if backoff intervals are not tuned correctly.""
  ],
  ""review_model_role"": ""Senior Systems Architect""
}",True,100.0,45.0,78.0,True,83.47,
gemma4:e4b,gemma4:e4b,short,text,1,cold,True,,nothinking,nothinking,explicit,24992047357,6802542866,21,942009198,170,16967944805,24.99605707905721,22.29277595652521,10.018891619090224,1014,"Idempotent job orchestration is crucial because it ensures that running the same job multiple times will yield the exact same result, without causing unintended side effects. In complex, distributed systems, failures and retries are inevitable. If a job isn't idempotent—meaning its operations are not repeatable—a retry attempt might process data twice, execute a database write twice, or otherwise corrupt the system state, leading to incorrect or inconsistent business outcomes.

By enforcing idempotency, orchestration tools make recovery reliable. When a worker fails mid-job and the system automatically triggers a retry, the orchestration layer can safely resubmit the task knowing that the underlying services are designed to recognize and ignore duplicate requests. This predictability drastically increases system resilience, simplifying fault tolerance and allowing engineers to build robust pipelines that can withstand real-world network glitches and service interruptions without manual intervention.",,30.0,24.0,26.4,True,78.38,
gemma4:e4b,gemma4:e4b,medium,text,1,cold,True,,nothinking,nothinking,explicit,146374732246,4385259772,65,2629520971,1311,138533095687,146.38887743698433,24.719331283857635,9.463442605527689,6098,"## Evaluation of Autonomous Agent Platform Components

Here is an explanation of the key components you listed, detailing their function within the context of a local autonomous agent platform.

---

### 1. Task Ingestion

**Concept:** Task ingestion is the initial intake and acceptance of a new work unit or request that the autonomous agent system needs to process. It is the ""front door"" for work.

**Function:**
* **Input Handling:** Receives tasks from various sources (e.g., user commands via an API, sensor data triggers, scheduled cron jobs, or interaction with another microservice).
* **Validation & Formatting:** Performs initial checks to ensure the task data is complete, correctly formatted, and adheres to the expected schema.
* **Prioritization (Often):** May assign an initial priority level or route the task to the correct processing pipeline based on its type.

**Analogy:** A receptionist in an office who receives a request, checks if the necessary paperwork is present, and logs it into the system.

### 2. Change Detection

**Concept:** Change detection is the process of monitoring a state, data source, or environment for deviations from a known, desired, or previously recorded state.

**Function:**
* **Monitoring:** Constantly observing inputs (e.g., a filesystem, a database, a set of sensor readings, or a configuration file).
* **Comparison:** Comparing the current state against the baseline state.
* **Trigger Generation:** If a significant, relevant change is detected (e.g., a temperature spike, a file modification, a value crossing a threshold), it generates a structured *event* or *trigger* that then becomes a task ready for ingestion or immediate action.

**Analogy:** A security guard monitoring CCTV feeds. The guard isn't processing the footage; they are alerted *only* when they see an event that constitutes a ""change"" (e.g., an unauthorized person entering an area).

### 3. Durable Queueing

**Concept:** Durable queueing is a persistent, reliable message queuing system that holds tasks or messages temporarily until a worker is available and ready to process them.

**Function:**
* **Decoupling:** It decouples the *producers* of tasks (the source that creates the work) from the *consumers* of tasks (the workers that do the work).
* **Persistence:** Crucially, the queue persists data even if the entire system crashes or restarts. The tasks are not lost.
* **Load Leveling:** It smooths out processing spikes. If 1,000 tasks arrive in one minute, but the workers can only handle 100 per minute, the queue holds the remaining 900 tasks to be processed later, preventing overload.

**Analogy:** A physical waiting line at a popular service center. If the center closes for the night (system crash), the tickets remain in the line for the next morning.

### 4. Worker Execution

**Concept:** Worker execution is the computational phase where the actual business logic or processing is performed on the received task.

**Function:**
* **Consumption:** Workers pull tasks from the durable queue.
* **Processing:** They execute the specific code associated with the task (e.g., calling an external API, running a machine learning model, manipulating data).
* **State Change:** The primary goal is to transition the system from an initial state to a final, processed state based on the task's instructions.
* **Resource Management:** These components are typically designed to be horizontally scalable—you can spin up more workers if the workload increases.

**Analogy:** The employees inside the service center. They take the ticket from the line, perform the required service (the calculation/action), and generate a result.

### 5. Writeback

**Concept:** Writeback is the mechanism used to commit the resulting output or derived state from the successful worker execution back into the system's primary data sources or observable state.

**Function:**
* **Persistence:** Takes the processed result data (e.g., ""The optimal route is X,"" or ""The invoice is paid"") and writes it back to the required persistence layer (e.g., updating a database, writing to a specific file, or updating a central state store).
* **Confirmation:** It confirms that the side effect of the task has been made permanent and observable by other parts of the system.
* **Finalization:** Marks the task as fully complete.

**Analogy:** The employee handing the completed, signed, and stamped form back to the client, confirming the transaction is officially recorded in the company records.

### 6. Rollback Metadata

**Concept:** Rollback metadata is a structured record (often stored alongside the primary data or in a dedicated ledger) that details *how* a state change occurred and *what* needs to be undone if that change proves to be incorrect or requires reversal.

**Function:**
* **Audit Trail:** It tracks the inputs, the execution sequence, and the transformation logic applied to reach a specific state $S_{final}$.
* **Idempotency & Safety:** It enables the system to execute compensating transactions. If the system realizes that the initial task was based on faulty data, or if a subsequent step fails, the metadata allows the system to intelligently ""undo"" the effects of the preceding successful steps.
* **Debugging/Debugging:** Crucial for debugging complex workflows, as it allows engineers to replay or revert the system state precisely.

**Analogy:** A transaction log in a bank. If a deposit transaction is later found to be fraudulent, the bank doesn't just delete the record; the rollback metadata shows exactly what debit/credit operations must be performed to return the account balance to its pre-transaction state.

---

### Summary Flow Diagram

A typical request flow using these components would look like this:

$$\text{External Event} \xrightarrow{\text{Detect}} \text{Change Detected} \xrightarrow{\text{Ingest}} \text{Task Ingestion} \xrightarrow{\text{Store}} \text{Durable Queue} \xrightarrow{\text{Pull}} \text{Worker Execution} \xrightarrow{\text{Store/Commit}} \text{Writeback} \xrightarrow{\text{Record}} \text{Rollback Metadata}$$",,50.0,38.0,42.8,True,59.77,
gemma4:e4b,gemma4:e4b,long,text,1,cold,True,,nothinking,nothinking,explicit,267383791123,3921368676,193,7919721195,2341,254146356770,267.3984927110141,24.369544741277977,9.211227852141048,10918,"## Technical Architecture Explanation: Self-Hosted Autonomous Agent Platform

This platform is designed to manage complex, multi-step reasoning workflows using autonomous agents. Achieving robustness, auditability, and extensibility requires careful architectural separation of concerns. Below is a detailed technical justification for key design decisions.

---

### Architectural Justifications

#### 1. Why Sync and Processing Must Be Separated (Asynchronous Processing)

**Concept:** The initial request (e.g., ""Analyze the Q3 sales data and generate a mitigation plan"") is an immediate, synchronous API call. However, the *execution* of the plan (which may involve multiple tool calls, LLM iterations, and external API polling) is inherently asynchronous and time-consuming.

**Technical Necessity:**
* **Client Experience:** If the API call blocks until the entire workflow completes, the client request times out, leading to poor user experience and unpredictable failures.
* **Resource Management:** Long-running tasks should not tie up web server threads. Decoupling allows the API gateway to immediately return a `202 Accepted` status with a Job ID.
* **Resilience:** By using a durable job queue (e.g., Kafka, RabbitMQ, or a dedicated job store), the system can survive process restarts, service downtime, or temporary external API outages without losing the state or requiring the client to manually retry the entire flow. The job worker picks up the state later when resources are available.

#### 2. Why Agent Outputs Should Be Persisted as Structured Records (Append-Only History)

**Concept:** Instead of simply passing the final LLM text output, every significant step—the prompt used, the model called, the system input, the tool output, the intermediate reasoning steps, and the final decision—must be captured as a discrete, versioned, immutable record.

**Technical Necessity:**
* **Auditability & Debugging:** When an agent fails or provides a poor answer, we must trace the exact execution path. Structured records allow us to reconstruct the *entire* chain of thought (CoT) leading to the output, which is critical for debugging agent failures or hallucinations.
* **Source-of-Truth Semantics:** By storing the *inputs* and *outputs* of external tools or data sources alongside the processing record, we preserve the context. The agent's output is therefore always seen as an *interpretation* of the historical, immutable record, not an absolute truth.
* **Future Rollback:** If a newer model or prompt version causes regressions, the entire history can be read and replayed against the old, successful execution path for validation.

#### 3. Why Provider Abstraction Matters (The Plugin/Adapter Layer)

**Concept:** The core orchestration logic (the Planner/Controller) should never know *how* it generates text, only that it *can* request it. This requires an abstraction layer (e.g., a `LLMProvider` interface).

**Technical Necessity:**
* **Swappability & Flexibility:** The system must easily support local LLMs (Ollama), commercial APIs (OpenAI, Anthropic), or potentially internal fine-tuned models, without changing the core planning logic. The Planner calls `provider.generate(prompt)`, and the implementation handles the HTTP request, authentication, and serialization specifics for that provider.
* **Isolation of Concern:** The core agent logic focuses on *reasoning* and *orchestration*. The Provider layer focuses solely on *network transport* and *API protocol adherence*.
* **Local LLM Integration:** Ollama is treated as just another adapter implementation. This allows the system to default to local, cost-effective, and private deployments while maintaining the same API contract as a cloud provider.

#### 4. Why Prompt File Versioning Matters

**Concept:** Prompts are not static text; they are crucial configuration artifacts that dictate the behavior (the ""personality"" or ""system instructions"") of the agent.

**Technical Necessity:**
* **Reproducibility (The Core of Auditability):** If an agent works perfectly on Prompt v1.2, and we update it to v2.0, and v2.0 fails subtly, we must be able to redeploy the exact workflow using v1.2's instructions to diagnose the drift.
* **Governed Evolution:** Versioning forces a formal change management process. Prompts should be treated like code artifacts, checked into Git, and linked immutably to the job execution log.
* **Testing Regression:** It enables A/B testing of prompts (""Test workflow A using Prompt v2.1 vs. Test workflow B using Prompt v2.2"") within the same system context.

#### 5. Why Role-Based Model Selection Improves System Behavior

**Concept:** Different tasks require fundamentally different cognitive strengths. Using a single ""mega-model"" for everything is inefficient and suboptimal.

**Technical Necessity:**
* **Specialization:**
    * **Planner:** Requires strong high-level reasoning, decomposition, and systemic thinking (often benefiting from larger, more general models).
    * **Fast-Task Model:** Needs high speed and accuracy for simple, repetitive extractions (e.g., JSON extraction, classification), where latency is paramount. A smaller, specialized model is better.
    * **Reviewer:** Needs high attention to detail, adherence to complex constraints, and skepticism (often requiring context window scrutiny).
* **Efficiency & Cost Control:** By assigning specific, smaller models to specific, narrow roles, we drastically reduce token usage and inference latency compared to running every single step through the largest, most expensive model available.

#### 6. What to Observe in Benchmarking Local Inference Hardware

When benchmarking local LLM inference (especially for Ollama deployments), performance observation must move beyond simple ""tokens/second.""

1. **Peak Throughput vs. Sustained Throughput:** Measure both. Initial burst speed is misleading; sustained performance over 5-10 minutes reflects real-world job endurance.
2. **VRAM/RAM Bottleneck Identification:** Monitor GPU utilization and, critically, *GPU Memory Usage*. If the job fails or slows significantly due to OOM (Out of Memory), the bottleneck is memory allocation for the context window/model weights, not necessarily compute power.
3. **Quantization Impact:** Benchmark at different quantization levels (e.g., Q4\_K\_M vs. Q8\_0). Track the trade-off curve: *How much performance loss (if any) is acceptable for a significant reduction in VRAM usage?*
4. **Batching Efficiency:** If the system handles concurrent jobs, measure the efficiency gain when batching requests on the hardware versus sending them sequentially.
5. **System Overhead:** Measure the time consumed by the wrapper/API layer (network serialization, queuing logic) versus the pure time spent inside the `llama.cpp` runtime.

---

### Risk Assessment and Mitigation

| # | Risk | Description | Mitigation Strategy |
| :--- | :--- | :--- | :--- |
| 1 | **State Drift in Durable Jobs** | A job worker crashes mid-workflow, and the state management fails to correctly checkpoint or resume the task, leading to an inconsistent partial state. | Implement **Optimistic Locking** or **Versioned State Reads**. Every state write must reference the `Job ID` and a monotonically increasing `State Version`. Workers must validate the current version before writing a new state. |
| 2 | **Prompt Injection/Prompt Hijacking** | An upstream tool output or user input tricks the agent into ignoring system instructions and revealing sensitive information or executing unintended commands. | Implement a **Guard Rail/Sanitization Layer** *after* the model response but *before* the action execution. This layer uses a small, fast classification model to check the output against known security patterns (e.g., ""Does this output look like SQL?""). |
| 3 | **Dependency Hell (Ollama/Hardware)** | The local inference stack (Ollama, underlying CUDA drivers, Python bindings) becomes incompatible with OS or system updates. | **Containerize the Inference Runtime:** Package the entire Ollama interaction logic within a dedicated, version-pinned Docker container. This isolates system dependencies from the core application logic. |
| 4 | **Circular Dependency / Infinite Loop** | The Planner calls a tool, which generates output that triggers the Planner again, leading to repeated execution without convergence (e.g., Tool A calls Tool B, which completes by calling Tool A). | Implement **Execution Depth Limits** and **Cycle Detection**. Track the set of tools/functions invoked within the current job context. If a set repeats within the current session, immediately raise a specific `CycleDetectedError` and halt execution. |
| 5 | **Audit Log Bloat/Cost** | High volume of execution logging (every keystroke, every token chunk) creates an unmanageable volume of history data, impacting query speed and storage costs. | **Tiered Persistence & Sampling:** Store *all* raw data in a highly available, low-cost data lake (e.g., S3). Only persist critical, summarized execution graphs and pointers to the raw data in the high-performance OLTP database (e.g., PostgreSQL) for primary querying. |

---

### Operational Metrics (SLOs & SLO Monitoring)

These metrics must be tracked continuously to assess the health, efficiency, and reliability of the platform.

1. **Job Success Rate (JSR):**
    * **Definition:** $\frac{\text{Number of Jobs Completed Successfully}}{\text{Total Number of Jobs Attempted}}$
    * **Goal:** $\ge 99.5\%$. (Direct measure of reliability).

2. **Mean Time To Resolution (MTTR) for Failures:**
    * **Definition:** Average time elapsed from a job hitting a terminal failure state to an engineer identifying the root cause (using observability tools).
    * **Goal:** $\le 15$ minutes. (Measures operational efficiency).

3. **Average Workflow Latency (AWL) - P90:**
    * **Definition:** The 90th percentile latency for *successful* job completion. (Excludes the slowest 10%).
    * **Goal:** Tracked against Service Level Objectives (SLOs). A rising P90 indicates unexpected bottlenecks (e.g., API rate limits hitting sporadically).

4. **Token Efficiency Ratio (TER):**
    * **Definition:** $\frac{\text{Useful Output Tokens}}{\text{Total Input Tokens (Prompts + Context)}}$
    * **Goal:** Maximize. A low TER indicates the system is wasting tokens on repetitive prompts or contexts that the agent is not utilizing, pointing to poor prompt refinement or excessive history passing.

5. **Role Utilization Skew:**
    * **Definition:** Monitoring the ratio of calls to specialized models vs. the general purpose model (e.g., $\frac{\text{Calls to Fast-Task Model}}{\text{Total LLM Calls}}$).
    * **Goal:** Maintain an expected ratio based on workflow design. A sudden deviation (e.g., dropping to 0%) suggests the Planner logic has failed to route tasks correctly, potentially relying on an inadequate fall-back mechanism.",,50.0,44.0,46.4,True,65.62,
gemma4:e4b,gemma4:e4b,json_agent,json_agent,1,cold,True,,nothinking,nothinking,explicit,35057211470,4087976264,92,3766790892,263,26898426012,35.05986515106633,24.4239732541012,9.777523780858765,1293,"```json
{
  ""title"": ""Refactor NATS Retry Scheduler for Multi-Agent Local Platform"",
  ""priority"": ""high"",
  ""steps"": [
    ""Analyze current NATS retry mechanism implementation for thread safety and resource contention."",
    ""Design a centralized scheduling service (e.g., using a dedicated message queue or a state store) to manage retry payloads."",
    ""Implement agent-specific retry logic modules to decouple retry concerns from core agent functionality."",
    ""Introduce exponential backoff and jitter strategies configurable per message/agent type."",
    ""Develop health check endpoints for the new scheduler to monitor queue depth and retry success rates."",
    ""Write comprehensive unit and integration tests simulating various failure scenarios and network partitions."",
    ""Conduct load testing on the scheduler component to ensure scalability under high message volume.""
  ],
  ""risks"": [
    ""Potential for race conditions if state management across agents is not atomic."",
    ""Complexity creep leading to monolithic scheduling logic if decoupling is incomplete."",
    ""Increased latency due to introducing an intermediary scheduling layer."",
    ""Incorrect backoff calculation leading to retry storms or unnecessary delays.""
  ],
  ""review_model_role"": ""System Architect""
}
```",False,0.0,0.0,0.0,False,0.0,invalid json
